id,subject,question,A,B,C,D,answer
high_school_geography_0,high_school_geography,The main factor preventing subsistence economies from advancing economically is the lack of,a currency.,a well-connected transportation infrastructure.,government activity.,a banking service.,B
high_school_geography_1,high_school_geography,The tendency for a population to continue to grow long after replacement fertility has been achieved is called,zero population growth.,rapid growth rate.,homeostatic plateau.,demographic momentum.,D
high_school_geography_2,high_school_geography,The tendency for migration to decrease with distance is called,push factors.,pull factors.,distance decay.,migration selectivity.,C
high_school_geography_3,high_school_geography,"Which zone contains low-income slums, ethnic ghettos, and general deterioration in Burgess's concentric zone model of urban form?",First,Second,Third,Fourth,A
high_school_geography_4,high_school_geography,Which of the following statements is TRUE concerning women in the labor force?,Most women work in agriculture,The percentage of women economically active in the labor force declined worldwide,The percentage of women in the total labor force declined,Women spend more hours per day working than men in all regions except Anglo America and Australia,D
high_school_geography_5,high_school_geography,All the following factors can be considered pull factors of migration EXCEPT,safety.,better climate.,better schools.,overcrowding.,D
high_school_geography_6,high_school_geography,Which of the following countries does NOT have a well-known example of a relict boundary?,Vietnam,United Kingdom,Germany,Bolivia,D
high_school_geography_7,high_school_geography,Which form of migration below are farm workers from another country most likely to be practicing during the year?,Chain migration,Cluster migration,Circular migration,International migration,C
high_school_geography_8,high_school_geography,Which of the following is a centrifugal force in a country?,Religious differences,A national holiday,An attack by another country,A charismatic national leader,A
high_school_geography_9,high_school_geography,Early settlements and high population density along coastlines and rivers are best attributed to which of the following?,Mediterranean climate,Limited forest cover,Growth of manufacturing,Access to trade routes,D
high_school_geography_10,high_school_geography,The first stage of the demographic transition exhibits,high birth rates with high but fluctuating death rates.,declining birth rates with continuing high death rates.,low birth rates with continuing high death rates.,high birth rates with declining death rates.,A
high_school_geography_11,high_school_geography,What is the population statistic that tells us the level of fertility at which a population will have just enough births to replace parents and compensate for early deaths?,Crude birth rate,Replacement level,Mortality rate,Total fertility rate,B
high_school_geography_12,high_school_geography,What is the most rapidly growing religion in the United States today?,Islam,Christianity,Hinduism,Buddhism,A
high_school_geography_13,high_school_geography,The outlying area serviced by a urban center is referred to as a,redline area.,threshold.,range.,hinterland.,D
high_school_geography_14,high_school_geography,The best definition of an urban area is,the central city and its developed areas.,the central city and its surrounding suburbs.,the central city and its hinterlands.,the central city and the adjacent counties.,B
high_school_geography_15,high_school_geography,Which of the following religions developed first?,Buddhism,Christianity,Islam,Hinduism,D
high_school_geography_16,high_school_geography,Which one of the following is NOT a characteristic of world cities?,World cities contain the headquarters of many transnational corporations.,World cities are well connected to secondary-level world cities.,World cities contain many offices of multinational organizations.,World cities are found only in the northern and western hemispheres.,D
high_school_geography_17,high_school_geography,Which type of transportation system created the star-shaped city pattern?,Highways to airports that link cities,Interstate highways that link cities,Beltways around cities,Streetcar and trolley lines extending from the CBD,D
high_school_geography_18,high_school_geography,In which urban US setting below would you expect to find planned communities?,Ghettos,Suburbs,CBDs,Transition zones,B
high_school_geography_19,high_school_geography,The latitude and longitude coordinates of a place are an example of,a formal region.,a functional region.,an absolute location.,a relative location.,C
high_school_us_history_0,high_school_us_history,"This question refers to the following information.
""The far-reaching, the boundless future will be the era of American greatness. In its magnificent domain of space and time, the nation of many nations is destined to manifest to mankind the excellence of divine principles; to establish on earth the noblest temple ever dedicated to the worship of the Most High—the Sacred and the True. Its floor shall be a hemisphere—its roof the firmament of the star-studded heavens, and its congregation a Union of many Republics, comprising hundreds of happy millions, calling, owning no man master, but governed by God's natural and moral law of equality, the law of brotherhood—of 'peace and good will amongst men.'""
John L. O'Sullivan, ""The Great Nation of Futurity,"" 1839
By what means did the United States take possession of the Oregon Territory?",The United States was granted the territory in a postwar treaty with France.,The United States bought it from the Native Americans who lived there.,U.S. settlers were the first to arrive in the region; they claimed it for their country.,Great Britain ceded it to the United States as part of a negotiated treaty.,D
high_school_us_history_1,high_school_us_history,"This question refers to the following information.
BECAUSE no People can be truly happy, though under the greatest Enjoyment of Civil Liberties, if abridged of the Freedom of their Consciences, as to their Religious Profession and Worship: And Almighty God being the only Lord of Conscience, Father of Lights and Spirits; and the Author as well as Object of all divine Knowledge, Faith and Worship, who only doth enlighten the Minds, and persuade and convince the Understanding of People, I do hereby grant and declare, That no Person or Persons, inhabiting in this Province or Territories, who shall confess and acknowledge One almighty God, the Creator, Upholder and Ruler of the World; and profess him or themselves obliged to live quietly under the Civil Government, shall be in any Case molested or prejudiced, in his or their Person or Estate, because of his or their conscientious Persuasion or Practice, nor be compelled to frequent or maintain any religious Worship, Place or Ministry, contrary to his or their Mind.…
—William Penn, Charter of Privileges Granted by William Penn,
esq. to the Inhabitants of Pennsylvania and Territories, October 28, 1701
Because of Penn's Charter of Privileges, Pennsylvania became",one of the most religiously diverse colonies in British America.,one of the least religiously diverse colonies in America.,notorious for witch hunting and popular superstition.,known for its hostility to traditional religious practices.,A
high_school_us_history_2,high_school_us_history,"This question refers to the following information.
""We conclude that, in the field of public education, the doctrine of ""separate but equal"" has no place. Separate educational facilities are inherently unequal. Therefore, we hold that the plaintiffs and others similarly situated for whom the actions have been brought are, by reason of the segregation complained of, deprived of the equal protection of the laws guaranteed by the Fourteenth Amendment.""
Brown v. Board of Education, 1954
Desegregation of schools was, in part, a response to unfulfilled promises from which of the following initiatives?",The Great Society,The Square Deal,The New Deal,Reconstruction,D
high_school_us_history_3,high_school_us_history,"This question refers to the following information.
""Since the foundations of the American commonwealth were laid in colonial times over 300 years ago, vigorous complaint and more or less bitter persecution have been aimed at newcomers to our shores. Also the congressional reports of about 1840 are full of abuse of English, Scotch, Welsh immigrants as paupers, criminals, and so forth. Old citizens in Detroit of Irish and German descent have told me of the fierce tirades and propaganda directed against the great waves of Irish and Germans who came over from 1840 on for a few decades to escape civil, racial, and religious persecution in their native lands. The ""Know-Nothings,"" lineal ancestors of the Ku-Klux Klan, bitterly denounced the Irish and Germans as mongrels, scum, foreigners, and a menace to our institutions, much as other great branches of the Caucasian race of glorious history and antecedents are berated to-day….But to-day it is the Italians, Spanish, Poles, Jews, Greeks, Russians, Balkanians, and so forth, who are the racial lepers…..In this bill we find racial discrimination at its worst—a deliberate attempt to go back 84 years in our census taken every 10 years so that a blow may be aimed at peoples of eastern and southern Europe, particularly at our recent allies in the Great War—Poland and Italy.""
Robert H. Clancy, Congressional Record, 68th Congress, 1st Session, 1924
Which one of the following legislative acts is most closely an example of nativism?",The Wagner Act of 1935,The Alien and Sedition Acts of 1798,The Espionage Act of 1917,The Immigration and Nationality Act of 1965,B
high_school_us_history_4,high_school_us_history,"This question refers to the following information.
Now, we have organized a society, and we call it ""Share Our Wealth Society,"" a society with the motto ""Every Man a King.""…
We propose to limit the wealth of big men in the country. There is an average of $15,000 in wealth to every family in America. That is right here today.
We do not propose to divide it up equally. We do not propose a division of wealth, but we do propose to limit poverty that we will allow to be inflicted on any man's family. We will not say we are going to try to guarantee any equality … but we do say that one third of the average is low enough for any one family to hold, that there should be a guarantee of a family wealth of around $5,000; enough for a home, an automobile, a radio, and the ordinary conveniences, and the opportunity to educate their children.…
We will have to limit fortunes. Our present plan is that we will allow no man to own more than $50,000,000. We think that with that limit we will be able to carry out the balance of the program.
—Senator Huey P. Long of Louisiana, Radio Address, February 23, 1934
President Franklin D. Roosevelt responded to political challenges like that of Senator Long by doing which of the following?",Announcing that he would not run for re-election,"Launching the Second New Deal, a series of legislative acts including Social Security",Diverting people's attention by allowing the Japanese to bomb Pearl Harbor,Urging Congress to cut taxes and deregulate the economy,B
high_school_us_history_5,high_school_us_history,"This question refers to the following information.
""I was once a tool of oppression
And as green as a sucker could be
And monopolies banded together
To beat a poor hayseed like me.
""The railroads and old party bosses
Together did sweetly agree;
And they thought there would be little trouble
In working a hayseed like me. . . .""
—""The Hayseed""
The song, and the movement that it was connected to, highlight which of the following developments in the broader society in the late 1800s?","Corruption in government—especially as it related to big business—energized the public to demand increased popular control and reform of local, state, and national governments.","A large-scale movement of struggling African American and white farmers, as well as urban factory workers, was able to exert a great deal of leverage over federal legislation.",The two-party system of the era broke down and led to the emergence of an additional major party that was able to win control of Congress within ten years of its founding.,Continued skirmishes on the frontier in the 1890s with American Indians created a sense of fear and bitterness among western farmers.,A
high_school_us_history_6,high_school_us_history,"This question refers to the following information.
""Some men look at constitutions with sanctimonious reverence, and deem them like the ark of the covenant, too sacred to be touched. They ascribe to the men of the preceding age a wisdom more than human, and suppose what they did to be beyond amendment….But I know also, that laws and institutions must go hand in hand with the progress of the human mind. As that becomes more developed, more enlightened, as new discoveries are made, new truths disclosed, and manners and opinions change with the change of circumstances, institutions must advance also, and keep pace with the times.""
Thomas Jefferson, 1816
Which of the following statements is most accurate regarding the existence of political parties in the early United States?","After the drafting of the Constitution, continued debates about states' rights and competing economic interests led to the formation of political parties, such as the Federalists and the Democratic-Republicans.","Although Washington warned against the influence of political parties, he reluctantly accepted the endorsement of the Federalist party.","Political parties did not exist until the War of 1812, when Federalists asserted control over foreign policies with France and Britain.",Two major political parties dominated early presidential elections until John Quincy Adams founded the Whig party in 1824.,B
high_school_us_history_7,high_school_us_history,"This question refers to the following information.
At a meeting of working girls held at Hull House during a strike in a large shoe factory, the discussions made it clear that the strikers who had been most easily frightened, and therefore the first to capitulate, were naturally those girls who were paying board and were afraid of being put out if they fell too far behind. After a recital of a case of peculiar hardship one of them exclaimed: ""Wouldn't it be fine if we had a boarding club of our own, and then we could stand behind each other in a time like this?"" After that events moved quickly. We … discussed all the difficulties and fascinations of such an undertaking, and on the first of May, 1891, two comfortable apartments near Hull House were rented and furnished. The Settlement was responsible for the furniture and paid the first month's rent, but beyond that the members managed the club themselves.… At the end of the third year the club occupied all of the six apartments which the original building contained, and numbered fifty members.
—Jane Addams, Twenty Years at Hull House, 1912
A settlement house worker was most likely to be motivated by which of the following?",The Social Gospel,Social Darwinism,Communism,The support of an urban political machine,A
high_school_us_history_8,high_school_us_history,"This question refers to the following information.
""Lincoln was strongly anti-slavery, but he was not an abolitionist or a Radical Republican and never claimed to be one. He made a sharp distinction between his frequently reiterated personal wish that 'all men everywhere could be free' and his official duties as a legislator, congressman, and president in a legal and constitutional system that recognized the South's right to property in slaves. Even after issuing the Emancipation Proclamation he continued to declare his preference for gradual abolition. While his racial views changed during the Civil War, he never became a principled egalitarian in the manner of abolitionists such as Frederick Douglass or Wendell Phillips or Radical Republicans like Charles Sumner.""
—Eric Foner, The Fiery Trial, 2010
How did President Lincoln's issuance of the Emancipation Proclamation alter the course of the Civil War?",The war came to a swift conclusion because the Proclamation made the Confederacy realize the futility of their cause.,The war grew in scope because the Proclamation caused Great Britain to join the fight on the side of the Union.,President Jefferson Davis of the Confederacy vowed massive resistance to any Union effort to free the slaves.,The war aims of the United States were no longer exclusively focused on the preservation of the Union.,D
high_school_us_history_9,high_school_us_history,"This question refers to the following information.
""Yesterday, December 7, 1941—a date which will live in infamy—the United States of America was suddenly and deliberately attacked by naval and air forces of the Empire of Japan. The United States was at peace with that nation and, at the solicitation of Japan, was still in conversation with its Government and its Emperor looking toward the maintenance of peace in the Pacific. Indeed, one hour after Japanese air squadrons had commenced bombing…the Japanese Ambassador to the United States and his colleague delivered to the Secretary of State a formal reply to a recent American message. While this reply stated that it seemed useless to continue the existing diplomatic negotiations, it contained no threat or hint of war or armed attack….The attack yesterday…has caused severe damage to American naval and military forces. Very many American lives have been lost. In addition American ships have been reported torpedoed on the high seas….As Commander-in-Chief of the Army and Navy, I have directed that all measures be taken for our defense.""
President Franklin D. Roosevelt, radio address, December 8, 1941
Which of the following statements best characterizes the economic consequences of the declaration of war described above?",Decreased trade with Asian nations precipitated economic recession in both the United States and Europe.,The war-ravaged condition of Asia and Europe allowed the United States to emerge as one of the most prosperous nations on Earth.,"Cold War tensions isolated the economies of both the Soviet Union and the United States, leading to economic struggle for both nations.","Japan was subsequently required to pay reparations to the United States, forcing it into a prolonged depression.",B
high_school_us_history_10,high_school_us_history,"This question refers to the following information.
""If any person or persons shall, from and after the passing of this act, by force and violence, take and carry away, or cause to be taken or carried away, and shall, by fraud or false pretense, seduce, or cause to be seduced, or shall attempt so to take, carry away or seduce, any negro or mulatto, from any part or parts of this commonwealth, to any other place or places whatsoever, out of this commonwealth, with a design and intention of selling and disposing of, or of causing to be sold, or of keeping and detaining, or of causing to be kept and detained, such negro or mulatto, as a slave or servant for life, or for any term whatsoever, every such person or persons, his or their aiders or abettors, shall on conviction thereof, in any court of this commonwealth having competent jurisdiction, be deemed guilty of a felony.""
—Excerpt from Pennsylvania law, 1826
The passage and implementation of this Pennsylvania law reflected an ongoing conflict between",rural and urban interests.,federal law and state law.,those who favored gradual emancipation and those who favored immediate emancipation.,supporters and opponents of government regulation of commerce.,B
high_school_us_history_11,high_school_us_history,"This question refers to the following information.
""The far-reaching, the boundless future will be the era of American greatness. In its magnificent domain of space and time, the nation of many nations is destined to manifest to mankind the excellence of divine principles; to establish on earth the noblest temple ever dedicated to the worship of the Most High—the Sacred and the True. Its floor shall be a hemisphere—its roof the firmament of the star-studded heavens, and its congregation a Union of many Republics, comprising hundreds of happy millions, calling, owning no man master, but governed by God's natural and moral law of equality, the law of brotherhood—of 'peace and good will amongst men.'""
John L. O'Sullivan, ""The Great Nation of Futurity,"" 1839
Which of the following best states the principle described above?",Colonists were destined to leave the British Empire because of the distance between the New World and England.,Women are biologically predestined to lives of child rearing and domestic labor.,America's expansion to the West Coast was inevitable and divinely sanctioned.,The abolition of slavery in the United States was certain to come about because slavery was immoral.,C
high_school_us_history_12,high_school_us_history,"This question refers to the following information.
""I observe the great and wonderful mistake, both our own and our fathers, as to the civil powers of this world, acting in spiritual matters. I have read…the last will and testament of the Lord Jesus over many times, and yet I cannot find by one tittle of that testament that if He had been pleased to have accepted of a temporal crown and government that ever He would have put forth the least finger of temporal or civil power in the matters of His spiritual affairs and Kingdom. Hence must it lamentably be against the testimony of Christ Jesus for the civil state to impose upon the souls of the people a religion, a worship, a ministry, oaths (in religious and civil affairs), tithes, times, days, marryings, and buryings in holy ground…""
Roger Williams, The Hireling Ministry None of Christ's, 1652
The Puritans believed that the freedom to practice religion should be extended to",Puritans only,all Protestants only,all Christians only,all Jews and Christians only,A
high_school_us_history_13,high_school_us_history,"This question refers to the following information.
Tonight, the daughter of a woman whose highest goal was a future for her children talks to our nation's oldest political party about a future for us all. Tonight, the daughter of working Americans tells all Americans that the future is within our reach, if we're willing to reach for it. Tonight, the daughter of an immigrant from Italy has been chosen to run for (vice) president in the new land my father came to love.… Americans want to live by the same set of rules. But under this administration, the rules are rigged against too many of our people. It isn't right that every year the share of taxes paid by individual citizens is going up, while the share paid by large corporations is getting smaller and smaller.… It isn't right that young couples question whether to bring children into a world of 50,000 nuclear warheads. That isn't the vision for which Americans have struggled for more than two centuries.… Tonight, we reclaim our dream. We're going to make the rules of American life work for all Americans again.… The issue is not what America can do for women, but what women can do for America.
—Geraldine Ferraro, Vice Presidential Nomination Acceptance Address, July 19, 1984
The ideas expressed in the passage above would most directly have strengthened which of the following during the 1980s?",Opposition to the administration's arms buildup,Efforts to deregulate many industries,Efforts to reform the welfare system,Support for the administration's cold war policies,A
high_school_us_history_14,high_school_us_history,"This question refers to the following information.
I appeal to any white man to say, if ever he entered Logan's cabin hungry, and he gave him not meat: if ever he came cold and naked, and he clothed him not? During the course of the last long and bloody war, Logan remained idle in his cabin, an advocate for peace. Such was my love for the whites, that my countrymen pointed as they passed, and said, ""Logan is the friend of the white man."" I had even thought to have lived with you but for the injuries of one man. Colonel Cresap, the last spring, in cold blood and unprovoked; murdered all the relations of Logan, not even sparing my women and children. There runs not a drop of my blood in the veins of any living creature. This called on me for revenge. I have sought it: I have killed many; I have fully glutted my vengeance. For my country, I rejoice at the beams of peace. But do not harbor a thought that mine is the joy of fear. Logan never felt fear. He will not turn on his heel to save his life. Who is there to mourn for Logan? Not one.
—Address attributed to Logan, an Indian leader, 1774
Which of the following best expresses the perspective of Logan in the passage above?",Logan believes the expansion of British settlements must be stopped,Logan laments the loss of his family,Logan opposes a new peace treaty,Logan believes that Indians need to find strength in unity,B
high_school_us_history_15,high_school_us_history,"This question refers to the following information.
Those who came before us made certain that this country rode the first waves of the industrial revolutions, the first waves of modern invention, and the first wave of nuclear power, and this generation does not intend to flounder in the backwash of the coming age of space. We mean to be a part of it—we mean to lead it. For the eyes of the world now look into space, to the moon, and the planets beyond, and we have vowed that we shall not see it governed by a hostile flag of conquest, but by a banner of freedom and peace. We have vowed that we shall not see space filled with weapons of mass destruction, but with instruments of knowledge and understanding.… We choose to go to the moon. We choose to go to the moon in this decade and do the other things, not because they are easy, but because they are hard, because that goal will serve to organize and measure the best of our energies and skills, because that challenge is one that we are willing to accept, one we are unwilling to postpone, and one which we intend to win, and the others, too.
—John F. Kennedy, September 12, 1962
Kennedy's speech most directly led to which of the following?",The Vietnam War,The Mutually Assured Destruction (MAD) nuclear strategy,The Apollo space program,The Great Society social programs,C
high_school_us_history_16,high_school_us_history,"This question refers to the following information.
The 1980s have been born in turmoil, strife, and change. This is a time of challenge to our interests and our values and it's a time that tests our wisdom and skills.
At this time in Iran, 50 Americans are still held captive, innocent victims of terrorism and anarchy. Also at this moment, massive Soviet troops are attempting to subjugate the fiercely independent and deeply religious people of Afghanistan. These two acts—one of international terrorism and one of military aggression—present a serious challenge to the United States of America and indeed to all the nations of the world. Together we will meet these threats to peace.…
Three basic developments have helped to shape our challenges: the steady growth and increased projection of Soviet military power beyond its own borders; the overwhelming dependence of the Western democracies on oil supplies from the Middle East; and the press of social and religious and economic and political change in the many nations of the developing world, exemplified by the revolution in Iran.
Each of these factors is important in its own right. Each interacts with the others. All must be faced together, squarely and courageously. We will face these challenges, and we will meet them with the best that is in us. And we will not fail.
—Jimmy Carter, State of the Union Address, January 23, 1980
The situation Carter described led most directly to which of the following?",The creation of the North Atlantic Treaty Organization (NATO),Carter's defeat in the next presidential election,An American invasion in the Middle East,Carter's victory in the next presidential election,B
high_school_us_history_17,high_school_us_history,"This question refers to the following information.
""Americans have more freedom and broader rights than citizens of almost any other nation in the world, including the capacity to criticize their government and their elected officials. But we do not have the right to resort to violence—or the threat of violence—when we don't get our way. Our founders constructed a system of government so that reason could prevail over fear. Oklahoma City proved once again that without the law there is no freedom. Criticism is part of the lifeblood of democracy. No one is right all the time. But we should remember that there is a big difference between criticizing a policy or a politician and demonizing the government that guarantees our freedoms and the public servants who enforce our laws.""
President Bill Clinton, ""What We Learned in Oklahoma City,"" 2010
(Written on the 15th anniversary of the Oklahoma City bombing)
""If there would not have been a Waco, I would have put down roots somewhere and not been so unsettled with the fact that my government…was a threat to me. Everything that Waco implies was on the forefront of my thoughts. That sort of guided my path for the next couple of years.""
Timothy McVeigh, Oklahoma City bomber, 2001
U.S. Representative John Conyers, Events Surrounding the Branch Davidian Cult Standoff in Waco, Texas: Hearing Before the Committee on the Judiciary, House of Representatives, 1993
In the third excerpt, Representative Conyers refers to ""Wounded Knee"" as an example of",a violent cult,a federal misuse of power,the site of a bombing,a recent conflict between federal agents and Lakota Indians,B
high_school_us_history_18,high_school_us_history,"This question refers to the following information.
""If any person or persons shall, from and after the passing of this act, by force and violence, take and carry away, or cause to be taken or carried away, and shall, by fraud or false pretense, seduce, or cause to be seduced, or shall attempt so to take, carry away or seduce, any negro or mulatto, from any part or parts of this commonwealth, to any other place or places whatsoever, out of this commonwealth, with a design and intention of selling and disposing of, or of causing to be sold, or of keeping and detaining, or of causing to be kept and detained, such negro or mulatto, as a slave or servant for life, or for any term whatsoever, every such person or persons, his or their aiders or abettors, shall on conviction thereof, in any court of this commonwealth having competent jurisdiction, be deemed guilty of a felony.""
—Excerpt from Pennsylvania law, 1826
Debate and conflict over the Pennsylvania law, excerpted above, reflected the fact that the framers of the Constitution","specifically declared that the institution of slavery would be protected ""in perpetuity"" in the original 13 states.",allowed for a state to be exempt from federal laws that went against that state's constitution.,postponed a solution to the problems of slavery.,declared that slaves could be both citizens and property.,C
high_school_us_history_19,high_school_us_history,"This question refers to the following information.
""Whereas the laws and treaties of the United States, without interfering with the free expression of opinion and sympathy, or with the commercial manufacture or sale of arms or munitions of war, nevertheless impose upon all persons who may be within their territory and jurisdiction the duty of an impartial neutrality during the existence of the contest; And Whereas it is the duty of a neutral government not to permit or suffer the making of its waters subservient to the purposes of war;
""Now, Therefore, I, Woodrow Wilson, President of the United States of America, in order to preserve the neutrality of the United States…do hereby declare and proclaim….
""That the statutes and the treaties of the United States and the law of nations alike require that no person, within the territory and jurisdiction of the United States, shall take part, directly or indirectly, in the said wars, but shall remain at peace with all of the said belligerents, and shall maintain a strict and impartial neutrality….""
Woodrow Wilson, 1914
All of the following increased federal government power during World War I EXCEPT the",War Industries Board,Food Administration,Espionage Act,Dawes Plan,D
college_biology_0,college_biology,"Based on the characteristic population curves that result from plotting population growth of a species, the most effective means of controlling the mosquito population is to",maintain the population at a point corresponding to the midpoint of its logistic curve,opt for zero population control once the K value of the curve has been reached,reduce the carrying capacity cif the environment to lower the K value,increase the mortality rate,C
college_biology_1,college_biology,A frameshift mutation is created when,telomeric sequences are removed from DNA,a codon's nucleotide sequence changes so that it calls for production of a different amino acid than the original one,a base pair is either inserted or deleted in a gene,a codon's nucleotide sequence is changed so that instead of coding for a given amino acid it acts to terminate translation,C
college_biology_2,college_biology,"To prevent desiccation and injury, the embryos of terrestrial vertebrates are encased within a fluid secreted by the",amnion,chorion,allantois,yolk sac,A
college_biology_3,college_biology,Which of the following is a second messenger that stimulates release of calcium ions into the cytoplasm?,Prostaglandins,Inositol triphosphate,Cyclic AMP,Calmodulin,B
college_biology_4,college_biology,Synthesis of an RNA/DNA hybrid from a single-stranded RNA template requires,a DNA or RNA primer and reverse transcriptase,a DNA or RNA primer and DNA polymerase,RNase only,reverse transcriptase only,A
college_biology_5,college_biology,"In order for the Hardy-Weinberg law to operate with respect to a population of organisms, each of the following conditions must be met EXCEPT:",Genes are exchanged with other populations.,Population size is large.,Natural selection does not take place.,Matings are random.,A
college_biology_6,college_biology,The Barr body found within female mammalian cells' nuclei is an example of,euchromatin,heterochromatin,a cistron,pseudogenes,B
college_biology_7,college_biology,Which of the following is NOT a source of atmospheric carbon?,Respiration,Photosynthesis,Bacterial decomposition,Combustion of fossil fuels,B
college_biology_8,college_biology,The concept of punctuated equilibrium refers to,oscillating ecological successional stages,"ecological succession arrested by sudden environmental changes, e.g., fire",persistent predator-prey relationships in relatively stable environments,bursts of speciation followed by relatively unchanging lineages,D
college_biology_9,college_biology,"When an influenza virus enters a cell, it immediately starts to do which of the following?",Incorporate viral DNA into the host cell’s chromosome,Destroy the host cell’s transcriptional machinery,Replicate its genetic material and synthesize viral proteins,Use a viral copy of reverse transcriptase to manufacture viral DNA,C
college_biology_10,college_biology,Cleavage symmetry arising from early cell divisions that occur at an oblique angle to the polar axis is known as,meroblastic cleavage,radial cleavage,spiral cleavage,superficial cleavage,C
college_biology_11,college_biology,Targeting of a newly synthesized protein is most likely to require two different signal peptides for which of the following destinations?,Plasma membrane,Lysosome,Cytosol,Chloroplast,D
college_biology_12,college_biology,"In Sweden, the red fox (Vulpes vulpes) severely limits populations of its prey, including hares. However, red fox populations are sometimes attacked by a fatal parasite, the mange mite. As mite population sizes increase at a given site, how are hare and fox populations most likely to respond at the same site? (Assume that hares have no major predators at this site other than foxes.)",Both fox and hare populations will decrease.,Both fox and hare populations will increase.,Fox populations will decrease and hare populations will increase.,Fox populations will increase and hare populations will decrease.,C
college_biology_13,college_biology,"A cell nucleus contains which of the following?
I. DNA
II. Protein
III. RNA",I only,II only,III only,"I, II, and III",D
college_biology_14,college_biology,"In one taxonomic classification, Archaea, Eukarya, and Bacteria represent the three major domains of life. Eukarya utilize the general transcription factors TBP (TATA-binding protein) and TFIIB in transcription, whereas Bacteria do not. At least one member of Archaea has a protein similar to TBP and a protein similar to TFIIB. Based on this observation, which of the following scenarios is most likely?",Archaea and Eukarya diverged after their common ancestor diverged from Bacteria.,Archaea and Bacteria diverged after their common ancestor diverged from Eukarya.,Bacteria and Eukarya diverged after their common ancestor diverged from Archaea.,"Archaea, Eukarya, and Bacteria diverged simultaneously from a common ancestor.",A
college_biology_15,college_biology,A rise in intracellular free calcium in the sea urchin oocyte causes the release of proteolytic enzymes which act to prevent polyspermy. The events just described entail the,zona reaction,acrosomal reaction,cortical reaction,fertilization reaction,C
college_biology_16,college_biology,Which of the following is a benefit that mycorrhizal fungi confer to many plants?,They protect plant roots from desiccation in extremely dry habitats.,"They fix nitrogen, which is particularly important for plants in nitrogen-limited habitats.","They provide access to phosphorus, an essential element that is limited in many kinds of soils.",They provide carbon to plants in exchange for fixed nitrogen.,C
college_biology_17,college_biology,"Experiments on song development in birds have shown that when a young male reared in isolation hears only the song of a different bird species, he will develop an adult song repertoire that lacks certain characteristics typical of his own species. This result shows that the song of his species is most likely",entirely learned during development,entirely instinctive,both instinctive and learned,dependent upon hormones for proper development,C
college_biology_18,college_biology,Which of the following most accurately describes a retrotransposon?,A DNA sequence that can move from one site in the genome to another without replicating,A DNA sequence that can be deleted from the genome without consequence,A DNA sequence that replicates via an RNA intermediate,A DNA sequence that replicates via a protein intermediate,C
college_biology_19,college_biology,The soils of which of the following biomes has the highest rate of leaching and cycling of nutrients?,Tropical rain forest,Tundra,Taiga,Desert,A
college_mathematics_0,college_mathematics,"Let k be the number of real solutions of the equation e^x + x - 2 = 0 in the interval [0, 1], and let n be the number of real solutions that are not in [0, 1]. Which of the following is true?",k = 0 and n = 1,k = 1 and n = 0,k = n = 1,k > 1,B
college_mathematics_1,college_mathematics,"Up to isomorphism, how many additive abelian groups G of order 16 have the property that x + x + x + x = 0 for each x in G ?",0,1,2,3,D
college_mathematics_2,college_mathematics,"Suppose P is the set of polynomials with coefficients in Z_5 and degree less than or equal to 7. If the operator D sends p(x) in P to its derivative p′(x), what are the dimensions of the null space n and range r of D?",n = 1 and r = 6,n = 1 and r = 7,n = 2 and r = 5,n = 2 and r = 6,D
college_mathematics_3,college_mathematics,The shortest distance from the curve xy = 8 to the origin is,4,8,16,2sqrt(2),A
college_mathematics_4,college_mathematics,"There are 25 suitcases, 5 of which are damaged. Three suitcases are selected at random. What is the probability that exactly 2 are damaged?",2/69,1/30,2/23,12/125,C
college_mathematics_5,college_mathematics,"Let (Z_{10} , +, x) be the ring of integers modulo 10, and let S be the subset of Z_{10} represented by {0, 2, 4, 6, 8}. Which of the following statements is FALSE?","(S, +, x) is closed under addition modulo 10.","(S, +, x) is closed under multiplication modulo 10.","(S, +, x) has an identity under addition modulo 10.","(S, +, x) has no identity under multiplication modulo 10.",D
college_mathematics_6,college_mathematics,"A ladder 9 meters in length is leaning against a vertical wall on level ground. As the bottom end of the ladder is moved away from the wall at a constant rate of 2 meters per second, the top end slides downward along the wall. How fast, in meters per second, will the top end of the ladder be sliding downward at the moment the top end is 3 meters above the ground?",12*sqrt(2),6*sqrt(2),4*sqrt(2),1/(2*sqrt(2)),C
college_mathematics_7,college_mathematics,Consider a segment of length 10. Points A and B are chosen randomly such that A and B divide the segment into three smaller segments. What is the probability that the three smaller segments could form the sides of a triangle?,0,10%,25%,50%,C
college_mathematics_8,college_mathematics,"Let V be a finite-dimensional real vector space and let P be a linear transformation of V such that P^2 = P. Which of the following must be true?
I. P is invertible.
II. P is diagonalizable.
III. P is either the identity transformation or the zero transformation.",None,I only,II only,III only,C
college_mathematics_9,college_mathematics,Which of the following is true?,Every compact space is complete,Every complete space is compact,Neither (a) nor (b)., Both (a) and (b).,A
college_mathematics_10,college_mathematics,A discrete graph is complete if there is an edge connecting any pair of vertices. How many edges does a complete graph with 10 vertices have?,10,20,25,45,D
college_mathematics_11,college_mathematics,"Suppose X is a discrete random variable on the set of positive integers such that for each positive integer n, the probability that X = n is 1/2^n. If Y is a random variable with the same probability distribution and X and Y are independent, what is the probability that the value of at least one of the variables X and Y is greater than 3 ?",1/64,15/64,1/4,3/8,B
college_mathematics_12,college_mathematics,Let V and W be 4-dimensional subspaces of a 7-dimensional vector space X. Which of the following CANNOT be the dimension of the subspace V intersect W?,0,1,2,3,A
college_mathematics_13,college_mathematics,"A large class is to be divided into teams and each student must be a member of exactly one team. However, each student dislikes three of their classmates. Dislike between students need not be mutual. If the teams do not need to be equally sized, how many must be created so that no student is the teammate of someone they dislike?",4,7,10,13,B
college_mathematics_14,college_mathematics,Sofia and Tess will each randomly choose one of the 10 integers from 1 to 10. What is the probability that neither integer chosen will be the square of the other?,0.64,0.72,0.81,0.95,D
college_mathematics_15,college_mathematics,"Let K be a nonempty subset of R^n, where n > 1. Which of the following statements must be true?
I. If K is compact, then every continuous real-valued function defined on K is bounded.
II. If every continuous real-valued function defined on K is bounded, then K is compact.
III. If K is compact, then K is connected.",I only,II only,III only,I and II only,D
college_mathematics_16,college_mathematics,"Suppose V is a real vector space of finite dimension n. Call the set of matrices from V into itself M(V). Let T be in M(V). Consider the two subspaces U = {X ∈ M(V) : TX = XT} and W = {TX − XT : X ∈ M(V)}. Which of the following must be TRUE?
I. If V has a basis containing only eigenvectors of T then U = M(V).
II. dim (U) + dim (W) = n^2
III. dim (U) < n",I only,II only,III only,I and II only,B
college_mathematics_17,college_mathematics,"Let F be a constant unit force that is parallel to the vector (-1, 0, 1) in xyz-space. What is the work done by F on a particle that moves along the path given by (t, t^2, t^3) between time t=0 and time t=1?",-1/4,-1/(4sqrt(2)),0,sqrt(2),C
college_mathematics_18,college_mathematics,"Let X be a topological space, and let A, B, and C be nonempty subsets of X such that A c B c C; that is, A is a proper subset of B, and B is a proper subset of C. Which of the following statements is (are) true?
I. If A and C are connected, then B is connected.
II. If A and C are compact, then B is compact.
III. If A and C are Hausdorff, then B is Hausdorff.",I and II only,III only,I and III only,"I, II, and III",D
college_mathematics_19,college_mathematics,"Let x_1 = 1 and x_(n+1) = sqrt(3+2x_n) for all positive integers n. If it is assumed that {x_n} converges, then lim x_n =",3,e,sqrt(5),0,A
professional_law_0,professional_law,"One afternoon, a pilot was flying a small airplane when it suddenly ran out of gas. As he was coming in for an emergency landing, the plane crossed into a neighboring state at a very low altitude. At this time, a 9-year-old boy was walking to school when he was struck and injured by an object, which may have fallen from the plane. In federal court, a negligence suit was brought against the pilot by the father of the boy for his son. Accompanied by his father, the boy had visited an attorney for preliminary discussions regarding the case. However, the father did not retain the attorney to represent his son in the lawsuit. Instead, the father hired another lawyer to handle the case. At trial, the pilot's attorney calls the consulting attorney to testify what the boy had said to him regarding his physical condition during the consultation that the attorney had had with the boy and his father. The attorney's testimony is","admissible, because the attorney-client privilege was waived by the filing of the lawsuit.","admissible, because there is no privilege of confidentiality when a person other than the client is present at the attorney-client consultation.","inadmissible, because the attorney-client privilege prevents such a breach of confidential communications.","inadmissible, because it was a statement of physical condition not made for the purpose of obtaining medical treatment.",C
professional_law_1,professional_law,"A state statute provides: ""Whenever a person knows or should know that he (or she) is being arrested by a police officer, it is the duty of such person to refrain from using force or any weapon in resisting arrest. "" Violation of the statute is made punishable by fine and/or imprisonment. One morning, there was a bank robbery in the state. That afternoon, a police officer arrested a suspect who he believed was involved in the crime. However, the police officer and the suspect have given different accounts concerning what happened next. According to the police officer, after the suspect was apprehended, he resisted arrest and hit the police officer in the mouth with his fist. The police officer, who was momentarily stunned, pulled out his nightstick and struck the suspect over the head with it. On the other hand, the suspect claimed that after he was arrested, he cursed at the policeman, whereupon the police officer began hitting the suspect with his nightstick. To avoid being hit again, the suspect hit the police officer with his fist, knocking him down. The suspect was charged with assault. The suspect should be found","not guilty, if the arrest was unlawful without probable cause and the jury believes the suspect's account.","not guilty, if the arrest was lawful, provided that the jury believes the suspect's account.","guilty, if the arrest was lawful, regardless which account the jury believes.","guilty, if the arrest was unlawful, regardless which account the jury believes.",B
professional_law_2,professional_law,"A taxpayer was notified by the government that her individual income tax was underpaid by $1,012. 69. The taxpayer retained an attorney to represent her in contesting the assessment. During the preparation of his client's case, the attorney suggested that it might be a good idea if the taxpayer hired an accountant to organize her records and prepare a financial statement for the year in question. Following the attorney's advice, the taxpayer consulted an accountant, an old family friend, who prepared a financial statement, which the attorney referred to at trial. During the trial, the attorney representing the government called the accountant to testif' about statements that the taxpayer made to him. The accountant's proposed testimony is","inadmissible, because it would violate the attorney-client privilege.","inadmissible, because it would violate the taxpayer's privilege against self-incrimination.",inadmissible as violative of the work-product rule.,admissible as an admission.,D
professional_law_3,professional_law,"A resident announced his candidacy for state representative. A law in the state requires new political entrants (regardless of party affiliation) to obtain three times the number of signatures as other candidates who have run for office previously. The resident, however, failed to obtain the necessary number of authenticating signatures to have his name placed on the ballot. The resident filed a complaint in federal district court alleging the unconstitutionality of the authenticating requirement. Which of the following, if established, is the state's strongest argument for sustaining the validity of the authenticating requirement?",The resident's petition contained a large number of false signatures.,A similar authenticating statute was held to be constitutional in another state the previous year.,The authenticating requirement was necessary to further a compelling state interest.,Two other candidates had successfully petitioned to have their names included on the ballot.,C
professional_law_4,professional_law,"A defendant was angry at his friend for marrying the defendant's former girlfriend. As the friend was painting his house one afternoon, the defendant fired a shot from his gun at him. Although the shot missed the friend, the bullet struck and killed the friend's daughter. The defendant is subsequently charged with the first-degree murder of the daughter. The relevant statutes in effect in this jurisdiction are as follows:Section 169: Murder in the first degree is the unlawful and intentional killing of a human being with malice aforethought. Section 170: Malice is expressed when there is manifested a deliberate intention to take away the life of another. Which of the following, if established, would provide the defendant with his best defense?",He intended to kill the friend and not the daughter.,He intended only to wound the friend.,He was unaware of the elements of malice.,The killing was the result of negligence in missing the friend.,B
professional_law_5,professional_law,"The accused made a confession to the police, but his defense attorney needs to find out if the confession is admissible. In which of the following situations would a confession be inadmissible?",The defendant's statement was involuntary.,The defendant's statement was voluntary.,The defendant was not in custody when the statement was made.,The statement was not made in response to a known police interrogation.,A
professional_law_6,professional_law,"A devastating earthquake struck a foreign country. The earthquake destroyed hundreds of homes and buildings. Thousands of residents were killed, injured, and left homeless by the earthquake. The leader of the foreign country sought the assistance of the United States in providing emergency aid. The President initially wanted to send troops from a west coast military base but learned that they were out on training maneuvers. As a result, the President issued an executive order directing members of a federal agency under the supervision of the Immigration and Naturalization Service, to travel to the foreign country to engage in emergency rescue operations. This federal agency's main function is to patrol the borders to prevent illegal aliens from entering the United States. A member of this federal agency refused to comply with the executive order and assist in the relief effort. He claimed that participating in such operations in a foreign country is beyond the scope of his job responsibilities. He brought suit in federal court challenging the validity of the President's executive order. Assuming the member of the federal agency has adequate standing, the court should rule the executive order","valid, because as commander-in-chief, the President has unfettered authority to require federal employees to participate in an international relief effort.","valid, because employees of an executive agency can be required to perform such emergency functions.","invalid, because the executive order is beyond the scope of presidential power absent congressional authorization.","invalid, because the director of the INS, not the President, has the power to issue directives to federal agencies under its supervision.",B
professional_law_7,professional_law,Which of the following is not a warrantless search exception?,Cold pursuit,Incident to a lawful arrest,Plain view,Stop and frisk,A
professional_law_8,professional_law,"A grocery store purchased a large mirror to hang on a wall in the store. Along with the mirror itself, the manufacturer provided brackets and bolts to be used for hanging the mirror. The grocery store paid a local carpenter to come in and hang the mirror. A few days after the carpenter installed the mirror, the mirror suddenly fell from the wall because of a defect in the brackets. It struck a shopper on the head, causing serious injuries to him. If the shopper asserts a claim against the carpenter based on strict liability in tort, the plaintiff will","prevail, because the brackets were defective when installed.","prevail, because it would be abnormally dangerous to maintain such a large mirror on the wall of a retail outlet.","not prevail, because the carpenter was not engaged in the sale of the mirror.","not prevail, because the carpenter had no relationship of privily with the plaintiff.",C
professional_law_9,professional_law,"A man who was separated but never divorced from his first wife, married another woman and lived with her as husband and wife. The man and his purported second wife bought a home together as tenants by the entirety. They lived there together for a few years, when the man was accused and convicted of killing his purported wife. He was given a life sentence. The decedent's estate brought a quiet title action to declare the property forfeited to the decedent on the basis that a murderer cannot benefit from his crime. The trial court awarded the property to the estate. The man appealed from his prison cell. Under the common law, will the appellate court affirm the trial court's decision and strip the man of all ownership rights in the home?","Yes, because a murderer cannot reap the benefits of his ill-doing.","Yes, because the murderer was also a bigamist who could not take good title to the property in the first place, thus putting full title in the decedent from the date of purchase.","No, the court will as a policy matter recognize the murderer's pre-slaying right to one-half of the property as a tenant in common.","No, there is no rule of law that gives the victim or her estate any additional rights in the property that she had before the homicide.",C
professional_law_10,professional_law,"Bill, a single man, owned pasture land in Deerwoods, Florida, which he leased to a tenant. He also owned a condominium in Miami, which he held for investment. In his will, he devised the pasture land to his son Tommy and the condominium to his daughter Julie. All other assets would pass equally to Tommy and Julie. Bill met Kathy and married her after she executed a valid prenuptial agreement relinquishing all rights she might otherwise enjoy by marrying Bill. On their Miami honeymoon they drove by the condominium and Kathy declared she'd love to live there. Bill was so happy with Kathy that after the honeymoon he signed and delivered to Kathy a deed conveying the condominium to himself and Kathy as an estate by the entirety and made plans to live in the condominium as soon as the tenant vacated. Bill died the next day. How are the foregoing assets distributed?","Kathy gets the condominium regardless of the prenuptial agreement, Tommy takes the pasture land and Tommy and Julie split the rest of the estate.","Due to Kathy's prenuptial agreement, Tommy receives the pasture land, Julie gets the condominium and Tommy and Julie split the rest of the estate.","Kathy gets the condominium, but because Bill had originally indicated his intent to devise equally to his children, Tommy and Julie will split the remaining estate.","Regardless of the prenuptial agreement, Kathy is a pretermitted spouse. Since Bill leaves surviving lineal descendants who are not Kathy's, Kathy receives 50% of the estate, Tommy gets the pasture land, and Tommy and Julie split the residue of the estate.",A
professional_law_11,professional_law,"For many years, persons engaged in real estate transactions in a state have utilized installment land contracts. The so-called installment land contract has been popular as a substitute for the mortgage or deed of trust. Under such a contract, the seller agrees to accept, and the buyer agrees to pay, the purchase price in installments over a stipulated period of time. The vendor retains legal title as security for the payment of the purchase price; and the vendee has equitable title under the doctrine of equitable conversion. The most important characteristic of the installment land contract, however, is the forfeiture clause, which provides that if the vendee is in default for 30 days, the vendor may, at his option, declare a forfeiture of the contract, in which case all payments made shall be forfeited as ""liquidated"" damages and the buyer shall become a tenant at will of the seller. Over the years, many sellers of property under such installment land contracts have declared forfeitures in situations where the prospective buyers were delinquent in their payments, even when the buyer was late with a single payment after nearly all the other payments had been made. In order to remedy this inequitable situation, the state legislature enacted a statute requiring any seller attempting to declare a forfeiture of an installment land contract to do so by instituting a formal foreclosure action in the courts. The new law also provided that prior to the commencement of such a foreclosure action, the seller under such an arrangement must give the buyer a 60-day grace period to make up any delinquent installment payment with interest. The new law expressly applied both to installment land contracts entered into subsequent to its enactment and to installment land contracts already in existence at the time of its enactment. Is this new state statute likely to be held constitutional?","Yes, because it is a reasonable regulation of the procedure to be followed in such cases and does not substantially diminish the underlying obligations of the buyer.","Yes, because the authority to enact laws regulating real estate sales transactions occurring within the boundaries of individual states is reserved exclusively to the states by the Tenth Amendment.","No, because application of the law to installment land contracts entered into prior to its enactment is a violation of the obligation of contracts.","No, because application of the law to installment land contracts entered into before or after its enactment is a deprivation of a proprietary interest without due process of the law.",A
professional_law_12,professional_law,"A man placed the following advertisement in his local newspaper:""Public Auction Sale . . . without reserve December 7, 10:00 a. m. 110 Walnut St. , City, StateEntire furnishings of home must go: antiques, piano, pool table, appliances, tables, stereo system, etc. ""On the morning of December 7, a group of approximately 20 people showed up at the man's home. The first item the man put up for bid was an antique Baldwin grand piano. The man announced that the bidding would be ""without reserve"" and said, ""What's the opening bid on this beautiful Baldwin grand piano?"" A woman opened the bidding with $100. The man then commented, ""This piano is worth at least $5,000. What other bids am I offered?"" When the man did not receive any other bids, he informed the woman that he would not accept $100 and was removing the piano from the sale. If the woman asserts an action against the man for breach of contract, the woman will most likely","prevail, because goods put up at an auction ""without reserve"" may not be withdrawn.","prevail, because whether or not the auction is ""without reserve,"" goods cannot be withdrawn after the auctioneer calls for bids.","not prevail, because at an auction ""without reserve,"" the auctioneer may withdraw goods until he announces completion of the sale.","not prevail, because at an auction ""without reserve,"" the auctioneer invites offers, which he may accept or reject.",A
professional_law_13,professional_law,A defendant offers into evidence his computer business records to show his good faith monitoring of the accounts in his business. The defendant testifies that he kept the records on a regular business basis  but did not explain the records in any other way. The government objected to the records as being hearsay and not authenticated. What will the court decide regarding the admissibility of the computer business records?,The court will allow the records because they were kept in the ordinary course of business.,The court will require a greater foundation to establish the reliability of the records.,"The court will dismiss the hearsay objection because the defendant, who is the declarant, is available in court.",The court will allow the records because they are the product of a reliable computer process of data collection.,B
professional_law_14,professional_law,A regulation prevents persons with a drug arrest and conviction and/or those undergoing current treatment for drug abuse from working in certain state run facilities for the safety of the general public. One employee of the department of treasury brought an action claiming a denial of equal protection and due process by taking away his right to a job. It is claimed that the prohibition is necessary to protect the public from potential problems that could arise. Which test of constitutional validity would be likely applied to this regulation?,"Strict scrutiny, since drug users are a special class of persons often discriminated against by the public.","Intermediate scrutiny, because, like gender, this can be a sensitive area where discrimination is common.","The rational basis test, because discrimination is generally favored with drug users or even those getting treatment.","The rational basis test, because the regulation need only be related to a legitimate state interest to be valid.",D
professional_law_15,professional_law,"A man was driving while drunk. He was speeding down a center city street, veering from lane to lane, when he lost control of his car while going over a slick puddle of water. Without realizing it, he drove his car onto the sidewalk and killed two persons. What common law crime most appropriately fits the man's situation?",Felony murder in that he killed someone while committing the felony of driving under the influence.,Voluntary manslaughter because it was an intentional killing done while acting recklessly or impulsively.,Involuntary manslaughter in that it was a killing committed while engaging in reckless activity but without the intent to kill.,First degree murder because the act of driving under the influence is legally presumed to involve premeditation and specific intent.,C
professional_law_16,professional_law,"The authorities arrested a man without a warrant and held him imprisoned for 14 days without a determination of probable cause. He finally saw a public defender who filed a motion to dismiss alleging an unconstitutional detention in violation of due process. The prosecution countered that the state's rules allowed for detention without a probable cause hearing for up to 30 days, and that the procedure was constitutional. Will the court most likely decide that this detention is unconstitutional?","No, because the Supreme Court has ruled that detentions can properly last up to 30 days without a probable cause determination.","No, because each case must be decided on its own facts and there may be many good reasons why the state has not yet provided a probable cause determination.","Yes, because when the state arrests someone without a warrant it must provide a prompt probable cause determination.","No, because it is constitutional to hold someone for up to 15 days without a probable cause determination.",C
professional_law_17,professional_law,"A man owned land along the south side of a highway. To the south of the man's land was a lot owned by a woman who lived on it in a house. Five years ago the man conveyed a right-of-way easement over his land to the woman because it provided a more direct route between her house and the highway. The easement was evidenced by a clearly marked path. The document granting the easement was promptly recorded. Three years ago, the woman conveyed her house to the man. The man never took actual possession of the house. Two years ago, the man conveyed the house to a purchaser by a warranty deed. Two months after the purchaser moved into the house, a neighbor informed him about the easement. He then began using the path that had been marked on the man's land. When the man noticed the purchaser using the path, he erected a barricade on his land that effectively prevented the purchaser from using the path. The purchaser has sued the man, claiming that he has an easement over the man's land. Who is likely to prevail?","The man, because the easement was extinguished.","The man, because the purchaser did not have actual notice of the easement at the time of acquisition.","The purchaser, because he purchased the house by warranty deed.","The purchaser, because the easement was of public record when he acquired the house.",A
professional_law_18,professional_law,"Rainmaking Lawfirm regularly purchased its office supplies from catalogs. Marty Manager saw an advertising catalog from Costco offering 10,000 envelopes for $1,000 CIF. He immediately sent a purchase order which stated ""our law firm accepts your $1,000 offer for 10,000 envelopes for $1,000 CIF."" Costco then sent Rainmaking an order confirmation which stated ""Envelope order acceptance conditional upon a loading charge of $50 per thousand envelopes."" If the parties disagree on the proper contract relationship, a court would likely rule:","A contract at $1,000 because the offer terms CIF means cost, insurance and freight including all loading charges.","A contract at $1,500 because the loading charges are to be included.",No contract because the order confirmation was a counteroffer which was not accepted.,"No contract because the purchase order was the offer and, under the mirror image rule, can not be deviated from.",C
professional_law_19,professional_law,"A woman sued her former employer in state court, asserting age and sex discrimination claims under both state and federal law. The woman's attorney had recently been embarrassed in court by the judge to whom the case was assigned. Wishing to avoid difficulties with the judge, the woman's attorney promptly removed the case to federal court on the basis of federal-question jurisdiction. The employer's attorney has timely moved to remand. How is the federal court likely to proceed?",Remand the entire case.,Remand the state claims but keep the federal claims.,Retain the case to avoid the risk of bias and impropriety in having it proceed before a judge who has shown clear hostility toward the woman's attorney.,"Retain the case, because it was timely removed and the woman alleges federal claims.",A
